"gender";"age_donor_cat";"region";"donor_yes_no";"bonus_status";"sum_confirmed_donations";"sum_count_bonuses_taken";"sum_unconfirmed_donations";"cnt_donor";"cnt_networks";"cnt_connection_donor"
нет_данных;нет данных;нет_данных;не_является_донором;без_бонусов;0;0;50;49346;27670;33778
нет_данных;нет данных;Россия, Москва;не_является_донором;без_бонусов;0;0;820;26785;16801;14289
Женский;от_18_до_30;нет_данных;не_является_донором;без_бонусов;0;0;23;12607;1919;11778
Мужской;от_18_до_30;нет_данных;не_является_донором;без_бонусов;0;0;7;8205;1642;7617
Женский;от_30_до_40;нет_данных;не_является_донором;без_бонусов;0;0;7;7915;692;7716
Мужской;от_30_до_40;нет_данных;не_является_донором;без_бонусов;0;0;13;7517;944;7276
нет_данных;нет данных;Россия, Санкт-Петербург;не_является_донором;без_бонусов;0;0;279;7024;5818;4662
Мужской;от_40_до_50;нет_данных;не_является_донором;без_бонусов;0;0;3;4438;259;4379
Женский;от_40_до_50;нет_данных;не_является_донором;без_бонусов;0;0;5;4365;204;4302
нет_данных;нет данных;Украина, Киевская область, Киев;не_является_донором;без_бонусов;0;0;24;2989;2409;2178
нет_данных;нет данных;Россия, Татарстан, Казань;не_является_донором;без_бонусов;0;0;255;2633;1990;1917
нет_данных;нет данных;Россия, Москва;является донором;без_бонусов;5964;0;123;2358;1665;2121
нет_данных;нет данных;Россия, Новосибирская область, Новосибирск;не_является_донором;без_бонусов;0;0;64;1740;1430;1230
нет_данных;нет данных;Россия, Свердловская область, Екатеринбург;не_является_донором;без_бонусов;0;0;69;1570;1347;1195
нет_данных;нет данных;Беларусь, Минская область, Минск;не_является_донором;без_бонусов;0;0;7;1568;1441;1225
Женский;от_50_до_60;нет_данных;не_является_донором;без_бонусов;0;0;0;1414;55;1394
Мужской;от_50_до_60;нет_данных;не_является_донором;без_бонусов;0;0;0;1399;61;1380
нет_данных;нет данных;Россия, Башкортостан, Уфа;не_является_донором;без_бонусов;0;0;195;1382;1118;982
нет_данных;нет данных;Россия, Санкт-Петербург;является донором;без_бонусов;3249;0;71;1376;1142;1221
Женский;от_18_до_30;Россия, Москва;не_является_донором;без_бонусов;0;0;172;1373;480;1215
нет_данных;нет данных;Россия, Красноярский край, Красноярск;не_является_донором;без_бонусов;0;0;114;1194;1009;855
нет_данных;нет данных;Россия, Ростовская область, Ростов-на-Дону;не_является_донором;без_бонусов;0;0;52;1085;863;768
нет_данных;нет данных;Россия, Пермский край, Пермь;не_является_донором;без_бонусов;0;0;21;1062;907;758
нет_данных;нет данных;Россия, Краснодарский край, Краснодар;не_является_донором;без_бонусов;0;0;82;1017;821;770
нет_данных;нет данных;Россия, Ярославская область, Ярославль;не_является_донором;без_бонусов;0;0;55;951;787;640
нет_данных;нет данных;Россия, Омская область, Омск;не_является_донором;без_бонусов;0;0;25;936;799;669
Женский;от_18_до_30;Россия, Санкт-Петербург;не_является_донором;без_бонусов;0;0;143;890;353;799
Мужской;от_18_до_30;Россия, Москва;не_является_донором;без_бонусов;0;0;146;858;362;779
Женский;нет данных;нет_данных;не_является_донором;без_бонусов;0;0;3;830;164;498
нет_данных;нет данных;Россия, Самарская область, Самара;не_является_донором;без_бонусов;0;0;82;828;701;530
нет_данных;нет данных;Украина, Харьковская область, Харьков;не_является_донором;без_бонусов;0;0;5;817;736;593
Женский;от_30_до_40;Россия, Москва;не_является_донором;без_бонусов;0;0;171;815;190;779
нет_данных;нет данных;Россия, Челябинская область, Челябинск;не_является_донором;без_бонусов;0;0;63;814;689;548
Мужской;нет данных;нет_данных;не_является_донором;без_бонусов;0;0;5;794;134;559
Мужской;от_30_до_40;Россия, Москва;не_является_донором;без_бонусов;0;0;185;770;249;734
нет_данных;нет данных;Казахстан, Алма-Ата;не_является_донором;без_бонусов;0;0;28;761;633;550
нет_данных;нет данных;Россия, Волгоградская область, Волгоград;не_является_донором;без_бонусов;0;0;18;753;614;527
нет_данных;нет данных;Россия, Воронежская область, Воронеж;не_является_донором;без_бонусов;0;0;31;749;624;528
нет_данных;нет данных;Россия, Нижегородская область, Нижний Новгород;не_является_донором;без_бонусов;0;0;21;714;606;489
нет_данных;нет данных;Украина, Одесская область, Одесса;не_является_донором;без_бонусов;0;0;1;664;592;480
Женский;от_18_до_30;Россия, Татарстан, Казань;не_является_донором;без_бонусов;0;0;58;663;264;564
нет_данных;нет данных;Россия, Тверская область, Тверь;не_является_донором;без_бонусов;0;0;46;655;559;474
нет_данных;нет данных;Россия, Татарстан, Казань;является донором;без_бонусов;1667;0;47;617;476;556
нет_данных;нет данных;Россия, Белгородская область, Белгород;не_является_донором;без_бонусов;0;0;26;616;534;392
нет_данных;нет данных;Украина, Днепропетровская область, Днепропетровск;не_является_донором;без_бонусов;0;0;2;588;523;417
нет_данных;нет данных;Россия, Рязанская область, Рязань;не_является_донором;без_бонусов;0;0;20;580;500;348
нет_данных;нет данных;Россия, Тюменская область, Тюмень;не_является_донором;без_бонусов;0;0;43;555;458;389
нет_данных;нет данных;Россия, Кемеровская область, Кемерово;не_является_донором;без_бонусов;0;0;27;550;475;402
Женский;от_18_до_30;Россия, Москва;является донором;без_бонусов;1969;0;284;528;313;489
Женский;от_30_до_40;Россия, Санкт-Петербург;не_является_донором;без_бонусов;0;0;142;510;182;488
Мужской;от_18_до_30;Россия, Санкт-Петербург;не_является_донором;без_бонусов;0;0;81;509;244;440
нет_данных;нет данных;Россия, Новосибирская область, Новосибирск;является донором;без_бонусов;1108;0;22;497;444;458
Мужской;от_30_до_40;Россия, Санкт-Петербург;не_является_донором;без_бонусов;0;0;190;491;206;463
нет_данных;нет данных;Россия, Томская область, Томск;не_является_донором;без_бонусов;0;0;35;485;421;357
нет_данных;нет данных;Россия, Алтайский край, Барнаул;не_является_донором;без_бонусов;0;0;19;482;415;335
Мужской;моложе_18;нет_данных;не_является_донором;без_бонусов;0;0;0;481;5;479
нет_данных;нет данных;Россия, Саратовская область, Саратов;не_является_донором;без_бонусов;0;0;35;459;377;337
нет_данных;нет данных;Россия, Кемеровская область, Новокузнецк;не_является_донором;без_бонусов;0;0;12;455;377;337
нет_данных;нет данных;_, Запорожская область, Запорожье;не_является_донором;без_бонусов;0;0;5;450;385;339
нет_данных;нет данных;Россия, Красноярский край, Красноярск;является донором;без_бонусов;1806;0;30;438;379;399
Женский;от_30_до_40;Россия, Москва;является донором;без_бонусов;2698;0;237;417;204;403
нет_данных;нет данных;Россия, Татарстан, Набережные Челны;не_является_донором;без_бонусов;0;0;51;414;280;308
Женский;моложе_18;нет_данных;не_является_донором;без_бонусов;0;0;0;411;6;410
нет_данных;нет данных;Украина, Киевская область, Киев;является донором;без_бонусов;796;0;11;408;272;377
нет_данных;нет данных;Россия, Иркутская область, Иркутск;не_является_донором;без_бонусов;0;0;34;400;329;302
Мужской;от_30_до_40;Россия, Москва;является донором;без_бонусов;3343;0;238;394;185;387
нет_данных;нет данных;Россия, Свердловская область, Екатеринбург;является донором;без_бонусов;1230;0;15;389;324;357
нет_данных;нет данных;Россия, Приморский край, Владивосток;не_является_донором;без_бонусов;0;0;23;380;295;290
нет_данных;нет данных;Россия, Чувашия, Чебоксары;не_является_донором;без_бонусов;0;0;17;370;331;234
нет_данных;нет данных;Россия, Калининградская область, Калининград;не_является_донором;без_бонусов;0;0;31;366;309;238
нет_данных;нет данных;Россия, Башкортостан, Уфа;является донором;без_бонусов;858;0;20;364;310;333
нет_данных;нет данных;Россия, Хабаровский край, Хабаровск;не_является_донором;без_бонусов;0;0;54;359;306;238
нет_данных;нет данных;_, Донецкая область, Донецк;не_является_донором;без_бонусов;0;0;0;356;309;231
нет_данных;нет данных;Россия, Ульяновская область, Ульяновск;не_является_донором;без_бонусов;0;0;55;355;265;261
нет_данных;нет данных;Россия, Тульская область, Тула;не_является_донором;без_бонусов;0;0;15;336;281;240
нет_данных;нет данных;Россия, Ярославская область, Ярославль;является донором;без_бонусов;1056;0;21;331;279;289
нет_данных;нет данных;Россия, Удмуртия, Ижевск;не_является_донором;без_бонусов;0;0;63;325;292;217
нет_данных;нет данных;Казахстан, Астана;не_является_донором;без_бонусов;0;0;0;325;268;233
Женский;от_30_до_40;Россия, Татарстан, Казань;не_является_донором;без_бонусов;0;0;36;318;108;290
нет_данных;нет данных;Россия, Калужская область, Калуга;не_является_донором;без_бонусов;0;0;34;317;265;219
Мужской;от_18_до_30;Россия, Москва;является донором;без_бонусов;1586;0;83;315;182;294
Мужской;от_18_до_30;Россия, Татарстан, Казань;не_является_донором;без_бонусов;0;0;32;310;143;266
нет_данных;нет данных;Россия, Крым, Симферополь;не_является_донором;без_бонусов;0;0;26;299;244;204
нет_данных;нет данных;Беларусь, Гомельская область, Гомель;не_является_донором;без_бонусов;0;0;3;297;276;212
нет_данных;нет данных;Россия, Карелия, Петрозаводск;не_является_донором;без_бонусов;0;0;14;295;269;184
нет_данных;нет данных;Россия, Краснодарский край, Краснодар;является донором;без_бонусов;710;0;14;295;235;275
нет_данных;нет данных;Россия, Пензенская область, Пенза;не_является_донором;без_бонусов;0;0;33;292;236;203
нет_данных;нет данных;Россия, Брянская область, Брянск;не_является_донором;без_бонусов;0;0;39;283;212;208
нет_данных;нет данных;Россия, Самарская область, Тольятти;не_является_донором;без_бонусов;0;0;17;281;240;197
нет_данных;нет данных;Россия, Кировская область, Киров;не_является_донором;без_бонусов;0;0;23;280;224;183
нет_данных;нет данных;Украина, Львовская область, Львов;не_является_донором;без_бонусов;0;0;2;278;230;204
нет_данных;нет данных;Украина, Николаевская область, Николаев;не_является_донором;без_бонусов;0;0;3;277;247;212
Мужской;от_30_до_40;Россия, Москва;является донором;тратит_бонусы;5357;987;214;272;128;267
Мужской;от_30_до_40;Россия, Татарстан, Казань;не_является_донором;без_бонусов;0;0;30;264;94;249
Мужской;от_40_до_50;Россия, Москва;не_является_донором;без_бонусов;0;0;82;264;56;255
нет_данных;нет данных;Россия, Ивановская область, Иваново;не_является_донором;без_бонусов;0;0;60;262;186;181
Женский;от_18_до_30;Россия, Санкт-Петербург;является донором;без_бонусов;720;0;63;255;149;244
нет_данных;нет данных;Россия, Мурманская область, Мурманск;не_является_донором;без_бонусов;0;0;11;251;210;145
Женский;от_60_до_70;нет_данных;не_является_донором;без_бонусов;0;0;0;248;15;241
нет_данных;нет данных;Россия, Башкортостан, Стерлитамак;не_является_донором;без_бонусов;0;0;26;243;201;183
нет_данных;нет данных;Россия, Ростовская область, Ростов-на-Дону;является донором;без_бонусов;542;0;7;241;191;217
нет_данных;нет данных;Россия, Татарстан, Альметьевск;не_является_донором;без_бонусов;0;0;43;239;120;196
Женский;от_40_до_50;Россия, Москва;не_является_донором;без_бонусов;0;0;72;237;40;229
Мужской;от_60_до_70;нет_данных;не_является_донором;без_бонусов;0;0;1;237;11;235
нет_данных;нет данных;Россия, Крым, Севастополь;не_является_донором;без_бонусов;0;0;22;234;201;178
нет_данных;нет данных;Россия, Курская область, Курск;не_является_донором;без_бонусов;0;0;25;225;185;166
нет_данных;нет данных;Россия, Пермский край, Пермь;является донором;без_бонусов;478;0;17;224;196;196
нет_данных;нет данных;Россия, Ханты-Мансийский Автономный округ - Югра АО, Сургут;не_является_донором;без_бонусов;0;0;41;222;165;169
нет_данных;нет данных;Украина, Винницкая область, Винница;не_является_донором;без_бонусов;0;0;2;219;193;157
нет_данных;нет данных;Беларусь, Гродненская область, Гродно;не_является_донором;без_бонусов;0;0;0;219;204;163
Женский;от_30_до_40;Россия, Санкт-Петербург;является донором;без_бонусов;1389;0;107;217;127;208
нет_данных;нет данных;Россия, Архангельская область, Архангельск;не_является_донором;без_бонусов;0;0;14;216;182;149
нет_данных;нет данных;Украина, Днепропетровская область, Кривой Рог;не_является_донором;без_бонусов;0;0;2;211;186;152
нет_данных;нет данных;Россия, Оренбургская область, Оренбург;не_является_донором;без_бонусов;0;0;41;211;165;146
нет_данных;нет данных;Россия, Амурская область, Благовещенск;не_является_донором;без_бонусов;0;0;41;206;136;165
нет_данных;нет данных;Россия, Курганская область, Курган;не_является_донором;без_бонусов;0;0;13;205;178;141
Мужской;от_18_до_30;Россия, Москва;является донором;тратит_бонусы;2353;631;74;204;119;193
Женский;от_18_до_30;Россия, Свердловская область, Екатеринбург;не_является_донором;без_бонусов;0;0;18;202;87;182
нет_данных;нет данных;Россия, Москва;является донором;тратит_бонусы;371;310;22;201;70;176
нет_данных;нет данных;Россия, Астраханская область, Астрахань;не_является_донором;без_бонусов;0;0;21;201;156;140
нет_данных;нет данных;Россия, Вологодская область, Вологда;не_является_донором;без_бонусов;0;0;13;198;182;113
нет_данных;нет данных;Россия, Краснодарский край, Сочи;не_является_донором;без_бонусов;0;0;13;197;151;140
Женский;от_18_до_30;Россия, Новосибирская область, Новосибирск;не_является_донором;без_бонусов;0;0;15;195;81;169
Мужской;от_30_до_40;Россия, Санкт-Петербург;является донором;без_бонусов;1431;0;75;194;116;191
нет_данных;нет данных;Россия, Ставропольский край, Ставрополь;не_является_донором;без_бонусов;0;0;19;192;144;132
нет_данных;нет данных;Россия, Кемеровская область, Кемерово;является донором;без_бонусов;415;0;6;190;163;186
Женский;от_18_до_30;Россия, Москва;является донором;тратит_бонусы;1694;466;86;190;104;189
нет_данных;нет данных;Россия, Самарская область, Самара;является донором;без_бонусов;732;0;36;189;162;180
Мужской;от_18_до_30;Россия, Санкт-Петербург;является донором;без_бонусов;880;0;41;186;119;176
Женский;нет данных;Россия, Москва;является донором;без_бонусов;776;0;52;185;86;158
Мужской;нет данных;Россия, Москва;является донором;без_бонусов;1126;0;52;184;89;163
нет_данных;нет данных;Россия, Смоленская область, Смоленск;не_является_донором;без_бонусов;0;0;28;182;147;124
Мужской;нет данных;Россия, Москва;является донором;тратит_бонусы;1166;389;30;181;71;163
нет_данных;нет данных;Россия, Орловская область, Орёл;не_является_донором;без_бонусов;0;0;61;181;137;124
нет_данных;нет данных;Украина, Сумская область, Сумы;не_является_донором;без_бонусов;0;0;3;180;158;135
нет_данных;нет данных;Россия, Липецкая область, Липецк;не_является_донором;без_бонусов;0;0;18;178;136;127
нет_данных;нет данных;Россия, Волгоградская область, Волгоград;является донором;без_бонусов;518;0;16;177;153;159
Женский;от_40_до_50;Россия, Санкт-Петербург;не_является_донором;без_бонусов;0;0;38;176;56;168
Мужской;от_30_до_40;Россия, Татарстан, Казань;является донором;без_бонусов;1347;0;91;174;71;173
нет_данных;нет данных;Украина, Черкасская область, Черкассы;не_является_донором;без_бонусов;0;0;0;173;145;123
нет_данных;нет данных;Россия, Воронежская область, Воронеж;является донором;без_бонусов;423;0;6;171;146;149
нет_данных;нет данных;Россия, Ярославская область, Рыбинск;не_является_донором;без_бонусов;0;0;11;170;141;107
нет_данных;нет данных;Кыргызстан, Бишкек;не_является_донором;без_бонусов;0;0;2;170;108;131
нет_данных;нет данных;Беларусь, Витебская область, Витебск;не_является_донором;без_бонусов;0;0;0;169;157;125
нет_данных;нет данных;Россия, Мордовия, Саранск;не_является_донором;без_бонусов;0;0;21;169;143;94
Женский;от_18_до_30;Россия, Татарстан, Казань;является донором;без_бонусов;519;0;35;166;87;154
нет_данных;нет данных;Россия, Новгородская область, Великий Новгород;не_является_донором;без_бонусов;0;0;15;164;151;91
нет_данных;нет данных;Россия, Владимирская область, Владимир;не_является_донором;без_бонусов;0;0;48;164;129;122
нет_данных;нет данных;_, Херсонская область, Херсон;не_является_донором;без_бонусов;0;0;0;164;152;118
нет_данных;нет данных;Россия, Челябинская область, Магнитогорск;не_является_донором;без_бонусов;0;0;15;164;138;105
Мужской;от_40_до_50;Россия, Москва;является донором;без_бонусов;2102;0;39;162;62;156
нет_данных;нет данных;Россия, Тюменская область, Тюмень;является донором;без_бонусов;351;0;7;158;128;147
Женский;от_30_до_40;Россия, Москва;является донором;тратит_бонусы;2485;506;64;155;78;153
нет_данных;нет данных;Украина, Полтавская область, Полтава;не_является_донором;без_бонусов;0;0;2;155;137;106
нет_данных;нет данных;Россия, Тверская область, Тверь;является донором;без_бонусов;446;0;28;152;120;142
нет_данных;нет данных;Россия, Тамбовская область, Тамбов;не_является_донором;без_бонусов;0;0;17;151;117;85
нет_данных;нет данных;Россия, Ханты-Мансийский Автономный округ - Югра АО, Нижневартовск;не_является_донором;без_бонусов;0;0;20;151;117;106
нет_данных;нет данных;Россия, Бурятия, Улан-Удэ;не_является_донором;без_бонусов;0;0;18;150;115;105
Мужской;старше_70;нет_данных;не_является_донором;без_бонусов;0;0;0;149;82;110
нет_данных;нет данных;Россия, Омская область, Омск;является донором;без_бонусов;254;0;2;145;122;134
нет_данных;нет данных;Россия, Саратовская область, Саратов;является донором;без_бонусов;428;0;13;143;118;132
Женский;от_18_до_30;Россия, Краснодарский край, Краснодар;не_является_донором;без_бонусов;0;0;40;143;56;119
нет_данных;нет данных;Россия, Рязанская область, Рязань;является донором;без_бонусов;355;0;15;143;122;131
нет_данных;нет данных;Россия, Тюменская область, Новая Казань;не_является_донором;без_бонусов;0;0;0;142;99;92
нет_данных;нет данных;Россия, Татарстан, Нижнекамск;не_является_донором;без_бонусов;0;0;18;142;105;105
Женский;нет данных;Россия, Москва;не_является_донором;без_бонусов;0;0;48;142;25;113
Мужской;от_40_до_50;Россия, Санкт-Петербург;не_является_донором;без_бонусов;0;0;105;142;43;135
Мужской;от_18_до_30;Россия, Татарстан, Казань;является донором;без_бонусов;713;0;34;140;82;128
нет_данных;нет данных;Россия, Алтайский край, Барнаул;является донором;без_бонусов;329;0;4;140;117;130
нет_данных;нет данных;Беларусь, Брестская область, Брест;не_является_донором;без_бонусов;0;0;1;138;130;108
Женский;от_40_до_50;Россия, Татарстан, Казань;не_является_донором;без_бонусов;0;0;21;137;43;124
Женский;от_18_до_30;Россия, Воронежская область, Воронеж;не_является_донором;без_бонусов;0;0;7;137;54;119
нет_данных;нет данных;Казахстан, Карагандинская область, Караганда;не_является_донором;без_бонусов;0;0;3;136;116;104
нет_данных;нет данных;Казахстан, Восточно-Казахстанская область, Усть-Каменогорск;не_является_донором;без_бонусов;0;0;0;135;115;98
нет_данных;нет данных;Россия, Вологодская область, Череповец;не_является_донором;без_бонусов;0;0;5;135;124;78
нет_данных;нет данных;Россия, Волгоградская область, Волжский;не_является_донором;без_бонусов;0;0;17;135;97;105
Женский;от_30_до_40;Россия, Новосибирская область, Новосибирск;не_является_донором;без_бонусов;0;0;56;134;57;125
нет_данных;нет данных;Беларусь, Могилевская область, Могилев;не_является_донором;без_бонусов;0;0;0;134;124;101
нет_данных;нет данных;_, Донецкая область, Мариуполь;не_является_донором;без_бонусов;0;0;0;132;117;89
Мужской;от_18_до_30;Россия, Свердловская область, Екатеринбург;не_является_донором;без_бонусов;0;0;15;131;66;113
Женский;от_18_до_30;Россия, Ростовская область, Ростов-на-Дону;не_является_донором;без_бонусов;0;0;26;131;62;109
нет_данных;нет данных;Россия, Белгородская область, Белгород;является донором;без_бонусов;340;0;2;130;111;116
нет_данных;нет данных;Россия, Ростовская область, Шахты;не_является_донором;без_бонусов;0;0;1;129;110;80
нет_данных;нет данных;Россия, Томская область, Томск;является донором;без_бонусов;315;0;3;129;115;110
Женский;от_18_до_30;Россия, Нижегородская область, Нижний Новгород;не_является_донором;без_бонусов;0;0;10;127;51;106
нет_данных;нет данных;Россия, Псковская область, Псков;не_является_донором;без_бонусов;0;0;5;126;117;74
Женский;от_30_до_40;Россия, Татарстан, Набережные Челны;не_является_донором;без_бонусов;0;0;18;124;36;117
нет_данных;нет данных;Украина, Житомирская область, Житомир;не_является_донором;без_бонусов;0;0;0;120;107;85
нет_данных;нет данных;Россия, Марий Эл, Йошкар-Ола;не_является_донором;без_бонусов;0;0;10;119;95;68
Женский;от_40_до_50;Россия, Москва;является донором;без_бонусов;792;0;51;118;38;114
Мужской;нет данных;Россия, Башкортостан, Уфа;является донором;тратит_бонусы;491;193;4;117;44;108
Мужской;от_30_до_40;Россия, Новосибирская область, Новосибирск;не_является_донором;без_бонусов;0;0;35;117;37;111
нет_данных;нет данных;Украина, Черниговская область, Чернигов;не_является_донором;без_бонусов;0;0;0;117;102;80
Женский;от_18_до_30;Россия, Красноярский край, Красноярск;не_является_донором;без_бонусов;0;0;25;117;54;99
Мужской;нет данных;Россия, Москва;не_является_донором;без_бонусов;0;0;52;115;24;93
Женский;от_18_до_30;Россия, Башкортостан, Уфа;не_является_донором;без_бонусов;0;0;21;113;47;104
нет_данных;нет данных;Россия, Сахалинская область, Южно-Сахалинск;не_является_донором;без_бонусов;0;0;13;113;88;90
Мужской;от_18_до_30;Россия, Новосибирская область, Новосибирск;не_является_донором;без_бонусов;0;0;17;112;54;98
Женский;от_18_до_30;Россия, Татарстан, Набережные Челны;не_является_донором;без_бонусов;0;0;10;112;48;81
нет_данных;нет данных;Россия, Челябинская область, Челябинск;является донором;без_бонусов;211;0;14;109;86;99
нет_данных;нет данных;Россия, Иркутская область, Иркутск;является донором;без_бонусов;306;0;1;109;88;96
нет_данных;нет данных;Украина, Харьковская область, Харьков;является донором;без_бонусов;223;0;0;109;89;104
нет_данных;нет данных;Россия, Амурская область, Благовещенск;является донором;без_бонусов;235;0;14;107;70;101
нет_данных;нет данных;Россия, Хабаровский край, Хабаровск;является донором;без_бонусов;308;0;3;106;77;100
нет_данных;нет данных;Россия, Нижегородская область, Нижний Новгород;является донором;без_бонусов;288;0;9;104;81;99
Мужской;от_30_до_40;Россия, Свердловская область, Екатеринбург;не_является_донором;без_бонусов;0;0;39;104;36;97
Женский;от_18_до_30;Россия, Челябинская область, Челябинск;не_является_донором;без_бонусов;0;0;8;103;39;89
нет_данных;нет данных;Россия, Костромская область, Кострома;не_является_донором;без_бонусов;0;0;8;102;85;68
Мужской;от_40_до_50;Россия, Москва;является донором;тратит_бонусы;2819;344;42;101;48;101
Женский;нет данных;Россия, Татарстан, Казань;является донором;без_бонусов;1376;0;20;101;49;87
нет_данных;нет данных;Россия, Башкортостан, Уфа;является донором;тратит_бонусы;152;143;10;100;26;91
Мужской;от_30_до_40;Россия, Татарстан, Казань;является донором;тратит_бонусы;2844;329;45;100;53;98
нет_данных;нет данных;Молдова, Кишинев;не_является_донором;без_бонусов;0;0;0;99;70;76
нет_данных;нет данных;Россия, Кемеровская область, Новокузнецк;является донором;без_бонусов;260;0;1;98;77;91
нет_данных;нет данных;Россия, Тульская область, Тула;является донором;без_бонусов;212;0;8;98;79;95
нет_данных;нет данных;Россия, Ростовская область, Таганрог;не_является_донором;без_бонусов;0;0;31;97;81;71
Мужской;нет данных;Россия, Татарстан, Казань;является донором;без_бонусов;796;0;16;97;57;81
Мужской;от_18_до_30;Россия, Татарстан, Казань;является донором;тратит_бонусы;976;260;24;97;60;93
нет_данных;нет данных;Россия, Приморский край, Владивосток;является донором;без_бонусов;241;0;8;97;76;89
нет_данных;нет данных;Россия, Краснодарский край, Новороссийск;не_является_донором;без_бонусов;0;0;8;97;77;67
нет_данных;нет данных;Беларусь, Минская область, Минск;является донором;без_бонусов;133;0;5;96;79;87
Женский;от_18_до_30;Россия, Самарская область, Самара;не_является_донором;без_бонусов;0;0;30;95;37;82
нет_данных;нет данных;Россия, Московская область, Подольск;не_является_донором;без_бонусов;0;0;12;95;72;71
Женский;от_30_до_40;Россия, Краснодарский край, Краснодар;не_является_донором;без_бонусов;0;0;29;95;33;87
Женский;от_30_до_40;Россия, Свердловская область, Екатеринбург;не_является_донором;без_бонусов;0;0;15;95;39;92
нет_данных;нет данных;Россия, Саха /Якутия/, Якутск;не_является_донором;без_бонусов;0;0;17;95;73;73
Мужской;от_30_до_40;Россия, Санкт-Петербург;является донором;тратит_бонусы;1352;294;65;95;48;93
Женский;старше_70;нет_данных;не_является_донором;без_бонусов;0;0;1;94;44;69
Мужской;от_18_до_30;Россия, Краснодарский край, Краснодар;не_является_донором;без_бонусов;0;0;19;94;45;82
Женский;нет данных;Россия, Москва;является донором;тратит_бонусы;615;215;30;94;41;85
нет_данных;нет данных;Украина, Полтавская область, Кременчуг;не_является_донором;без_бонусов;0;0;0;92;82;72
нет_данных;нет данных;Россия, Свердловская область, Нижний Тагил;не_является_донором;без_бонусов;0;0;13;91;76;65
нет_данных;нет данных;Россия, Архангельская область, Северодвинск;не_является_донором;без_бонусов;0;0;1;91;81;59
нет_данных;нет данных;_, Луганская область, Луганск;не_является_донором;без_бонусов;0;0;0;91;85;60
Женский;от_40_до_50;Россия, Санкт-Петербург;является донором;без_бонусов;770;0;97;91;43;90
Мужской;от_18_до_30;Россия, Башкортостан, Уфа;не_является_донором;без_бонусов;0;0;13;90;32;75
Мужской;от_30_до_40;Россия, Башкортостан, Уфа;не_является_донором;без_бонусов;0;0;32;90;31;86
нет_данных;нет данных;Россия, Забайкальский край, Чита;не_является_донором;без_бонусов;0;0;10;90;74;57
Женский;от_18_до_30;Россия, Пермский край, Пермь;не_является_донором;без_бонусов;0;0;11;90;33;78
нет_данных;нет данных;Казахстан, Павлодарская область, Павлодар;не_является_донором;без_бонусов;0;0;0;89;81;62
Женский;от_18_до_30;Россия, Иркутская область, Иркутск;не_является_донором;без_бонусов;0;0;23;89;26;76
Женский;от_30_до_40;Россия, Татарстан, Казань;является донором;без_бонусов;1011;0;63;89;42;89
нет_данных;нет данных;Россия, Нижегородская область, Дзержинск;не_является_донором;без_бонусов;0;0;3;88;73;71
нет_данных;нет данных;Россия, Калужская область, Обнинск;не_является_донором;без_бонусов;0;0;14;87;61;62
нет_данных;нет данных;Россия, Коми, Сыктывкар;не_является_донором;без_бонусов;0;0;12;87;74;63
нет_данных;нет данных;Россия, Калужская область, Калуга;является донором;без_бонусов;189;0;2;87;74;81
нет_данных;нет данных;Украина, Кировоградская область, Кировоград;не_является_донором;без_бонусов;0;0;0;86;75;57
Женский;от_18_до_30;Россия, Омская область, Омск;не_является_донором;без_бонусов;0;0;12;86;39;77
нет_данных;нет данных;Россия, Ульяновская область, Ульяновск;является донором;без_бонусов;361;0;4;86;60;73
нет_данных;нет данных;Украина, Ровенская область, Ровно;не_является_донором;без_бонусов;0;0;1;83;74;58
Женский;от_18_до_30;Россия, Татарстан, Казань;является донором;тратит_бонусы;857;212;27;83;46;81
Женский;от_30_до_40;Россия, Нижегородская область, Нижний Новгород;не_является_донором;без_бонусов;0;0;13;83;30;75
нет_данных;нет данных;Россия, Карелия, Петрозаводск;является донором;без_бонусов;165;0;12;81;72;75
Женский;нет данных;Россия, Санкт-Петербург;не_является_донором;без_бонусов;0;0;11;81;21;73
нет_данных;нет данных;Казахстан, Южно-Казахстанская область, Шымкент;не_является_донором;без_бонусов;0;0;0;81;64;52
Мужской;от_30_до_40;Россия, Краснодарский край, Краснодар;не_является_донором;без_бонусов;0;0;11;80;34;75
нет_данных;нет данных;Россия, Хакасия, Абакан;не_является_донором;без_бонусов;0;0;6;80;71;51
Мужской;от_30_до_40;Россия, Воронежская область, Воронеж;не_является_донором;без_бонусов;0;0;7;80;23;76
Мужской;от_18_до_30;Россия, Санкт-Петербург;является донором;тратит_бонусы;465;248;22;79;47;79
нет_данных;нет данных;Россия, Калининградская область, Калининград;является донором;без_бонусов;135;0;4;79;57;71
нет_данных;нет данных;Россия, Удмуртия, Ижевск;является донором;без_бонусов;172;0;2;79;63;69
нет_данных;нет данных;Россия, Брянская область, Брянск;является донором;без_бонусов;136;0;6;79;64;72
нет_данных;нет данных;Казахстан, Алма-Ата;является донором;без_бонусов;174;0;0;78;58;75
нет_данных;нет данных;Россия, Саратовская область, Энгельс;не_является_донором;без_бонусов;0;0;4;78;66;59
нет_данных;нет данных;Россия, Татарстан, Набережные Челны;является донором;без_бонусов;148;0;1;77;51;65
Женский;от_30_до_40;Россия, Татарстан, Альметьевск;не_является_донором;без_бонусов;0;0;5;77;12;75
Мужской;от_18_до_30;Россия, Татарстан, Набережные Челны;не_является_донором;без_бонусов;0;0;7;77;32;67
Мужской;от_30_до_40;Россия, Башкортостан, Уфа;является донором;тратит_бонусы;1406;189;87;76;32;76
нет_данных;нет данных;Украина, Черновицкая область, Черновцы;не_является_донором;без_бонусов;0;0;0;76;68;56
нет_данных;нет данных;Россия, Московская область, Орехово-Зуево;не_является_донором;без_бонусов;0;0;8;75;65;61
Женский;от_30_до_40;Россия, Башкортостан, Уфа;не_является_донором;без_бонусов;0;0;19;74;22;68
нет_данных;нет данных;Россия, Московская область, Королёв;не_является_донором;без_бонусов;0;0;3;74;52;55
Женский;от_18_до_30;Россия, Татарстан, Альметьевск;не_является_донором;без_бонусов;0;0;2;74;23;56
Женский;от_18_до_30;Россия, Санкт-Петербург;является донором;тратит_бонусы;437;150;28;74;46;74
нет_данных;нет данных;Россия, Ивановская область, Иваново;является донором;без_бонусов;251;0;0;73;54;66
нет_данных;нет данных;Россия, Пензенская область, Пенза;является донором;без_бонусов;167;0;38;73;63;68
Женский;от_18_до_30;Россия, Ярославская область, Ярославль;не_является_донором;без_бонусов;0;0;9;72;26;61
Мужской;нет данных;Россия, Санкт-Петербург;является донором;без_бонусов;436;0;27;72;42;64
Мужской;от_50_до_60;Россия, Москва;не_является_донором;без_бонусов;0;0;12;72;13;67
Мужской;от_18_до_30;Россия, Ростовская область, Ростов-на-Дону;не_является_донором;без_бонусов;0;0;7;72;34;61
Мужской;от_18_до_30;Россия, Воронежская область, Воронеж;не_является_донором;без_бонусов;0;0;7;71;35;61
нет_данных;нет данных;Беларусь, Могилевская область, Бобруйск;не_является_донором;без_бонусов;0;0;0;71;66;42
Женский;от_18_до_30;Россия, Тверская область, Тверь;не_является_донором;без_бонусов;0;0;34;71;27;58
Мужской;от_18_до_30;Россия, Красноярский край, Красноярск;не_является_донором;без_бонусов;0;0;30;71;37;63
нет_данных;нет данных;Украина, Тернопольская область, Тернополь;не_является_донором;без_бонусов;0;0;0;71;65;52
Мужской;от_40_до_50;Россия, Татарстан, Казань;не_является_донором;без_бонусов;0;0;11;71;17;68
нет_данных;нет данных;Россия, Иркутская область, Ангарск;не_является_донором;без_бонусов;0;0;39;71;47;60
нет_данных;нет данных;Россия, Московская область, Химки;не_является_донором;без_бонусов;0;0;5;70;46;55
нет_данных;нет данных;Россия, Татарстан, Казань;является донором;тратит_бонусы;150;129;12;70;39;54
нет_данных;нет данных;Россия, Крым, Симферополь;является донором;без_бонусов;162;0;2;70;56;62
Мужской;от_30_до_40;Россия, Татарстан, Альметьевск;не_является_донором;без_бонусов;0;0;6;70;12;62
нет_данных;нет данных;Украина, Днепропетровская область, Днепропетровск;является донором;без_бонусов;157;0;0;69;56;63
Женский;от_18_до_30;Россия, Волгоградская область, Волгоград;не_является_донором;без_бонусов;0;0;11;69;20;63
Женский;от_18_до_30;Россия, Тюменская область, Тюмень;не_является_донором;без_бонусов;0;0;10;69;22;56
Женский;нет данных;Россия, Санкт-Петербург;является донором;без_бонусов;210;0;19;69;33;56
Женский;от_30_до_40;Россия, Красноярский край, Красноярск;не_является_донором;без_бонусов;0;0;20;68;20;63
Мужской;от_40_до_50;Россия, Санкт-Петербург;является донором;без_бонусов;703;0;26;68;30;68
Мужской;от_18_до_30;Россия, Челябинская область, Челябинск;не_является_донором;без_бонусов;0;0;17;68;36;56
нет_данных;нет данных;Россия, Санкт-Петербург;является донором;тратит_бонусы;172;99;10;68;36;53
нет_данных;нет данных;Украина, Киевская область, Белая Церковь;не_является_донором;без_бонусов;0;0;0;67;62;51
нет_данных;нет данных;_, Запорожская область, Запорожье;является донором;без_бонусов;172;0;1;67;59;64
Мужской;от_30_до_40;Россия, Тюменская область, Тюмень;не_является_донором;без_бонусов;0;0;37;67;24;63
Женский;от_18_до_30;Россия, Новосибирская область, Новосибирск;является донором;без_бонусов;262;0;23;67;46;58
Женский;от_30_до_40;Россия, Ростовская область, Ростов-на-Дону;не_является_донором;без_бонусов;0;0;9;67;26;62
нет_данных;нет данных;Украина, Хмельницкая область, Хмельницкий;не_является_донором;без_бонусов;0;0;0;66;60;46
нет_данных;нет данных;Россия, Московская область, Одинцово;не_является_донором;без_бонусов;0;0;16;66;50;49
нет_данных;нет данных;Россия, Ханты-Мансийский Автономный округ - Югра АО, Ханты-Мансийск;не_является_донором;без_бонусов;0;0;14;65;48;49
нет_данных;нет данных;Россия, Башкортостан, Салават;не_является_донором;без_бонусов;0;0;0;65;60;40
Мужской;от_30_до_40;Россия, Челябинская область, Челябинск;не_является_донором;без_бонусов;0;0;56;65;21;57
нет_данных;нет данных;Россия, Тюменская область, Тобольск;не_является_донором;без_бонусов;0;0;5;65;53;50
Мужской;нет данных;Россия, Татарстан, Казань;является донором;тратит_бонусы;311;143;16;65;36;56
нет_данных;нет данных;Казахстан, Кустанайская область, Костанай;не_является_донором;без_бонусов;0;0;1;65;59;46
нет_данных;нет данных;Россия, Курская область, Курск;является донором;без_бонусов;156;0;2;65;56;62
Мужской;от_30_до_40;Россия, Самарская область, Самара;не_является_донором;без_бонусов;0;0;32;65;26;60
Мужской;от_30_до_40;Россия, Татарстан, Набережные Челны;не_является_донором;без_бонусов;0;0;3;65;26;60
нет_данных;нет данных;Россия, Московская область, Балашиха;не_является_донором;без_бонусов;0;0;5;64;44;53
Мужской;от_30_до_40;Россия, Пермский край, Пермь;не_является_донором;без_бонусов;0;0;29;64;25;59
Мужской;от_30_до_40;Россия, Красноярский край, Красноярск;не_является_донором;без_бонусов;0;0;82;63;30;61
нет_данных;нет данных;Россия, Ростовская область, Новочеркасск;не_является_донором;без_бонусов;0;0;0;62;48;51
нет_данных;нет данных;Россия, Дагестан, Махачкала;не_является_донором;без_бонусов;0;0;8;62;45;48
нет_данных;нет данных;Россия, Московская область, Люберцы;не_является_донором;без_бонусов;0;0;4;62;49;53
Женский;от_18_до_30;Россия, Томская область, Томск;не_является_донором;без_бонусов;0;0;14;62;23;52
Женский;нет данных;Россия, Татарстан, Казань;не_является_донором;без_бонусов;0;0;6;62;20;50
Женский;от_18_до_30;Россия, Свердловская область, Екатеринбург;является донором;без_бонусов;230;0;34;62;38;56
Женский;от_18_до_30;Россия, Саратовская область, Саратов;не_является_донором;без_бонусов;0;0;4;62;18;48
нет_данных;нет данных;Россия, Кировская область, Киров;является донором;без_бонусов;290;0;5;62;49;51
нет_данных;нет данных;Россия, Белгородская область, Старый Оскол;не_является_донором;без_бонусов;0;0;5;62;44;54
Женский;от_18_до_30;Россия, Калининградская область, Калининград;не_является_донором;без_бонусов;0;0;16;62;26;55
нет_данных;нет данных;Беларусь, Брестская область, Барановичи;не_является_донором;без_бонусов;0;0;0;61;56;44
Мужской;от_30_до_40;Россия, Нижегородская область, Нижний Новгород;не_является_донором;без_бонусов;0;0;7;61;28;56
Женский;от_30_до_40;Россия, Санкт-Петербург;является донором;тратит_бонусы;763;143;35;61;32;60
нет_данных;нет данных;Россия, Свердловская область, Первоуральск;не_является_донором;без_бонусов;0;0;18;61;39;45
Женский;от_18_до_30;Россия, Рязанская область, Рязань;не_является_донором;без_бонусов;0;0;14;60;20;49
нет_данных;нет данных;Россия, Московская область, Мытищи;не_является_донором;без_бонусов;0;0;4;60;49;47
Женский;от_30_до_40;Россия, Воронежская область, Воронеж;не_является_донором;без_бонусов;0;0;6;60;16;53
нет_данных;нет данных;Россия, Московская область, Коломна;не_является_донором;без_бонусов;0;0;4;59;45;48
нет_данных;нет данных;Россия, Московская область, Зеленоград;не_является_донором;без_бонусов;0;0;1;59;40;43
нет_данных;нет данных;_, Донецкая область, Краматорск;не_является_донором;без_бонусов;0;0;0;59;54;37
Мужской;нет данных;Россия, Санкт-Петербург;является донором;тратит_бонусы;344;166;31;59;34;58
нет_данных;нет данных;Украина, Ивано-Франковская область, Ивано-Франковск;не_является_донором;без_бонусов;0;0;0;59;52;42
Мужской;от_18_до_30;Россия, Тюменская область, Тюмень;не_является_донором;без_бонусов;0;0;22;58;23;46
нет_данных;нет данных;Казахстан, Астана;является донором;без_бонусов;106;0;0;58;40;57
Мужской;от_18_до_30;Россия, Пермский край, Пермь;не_является_донором;без_бонусов;0;0;5;58;26;49
Женский;от_18_до_30;Россия, Алтайский край, Барнаул;не_является_донором;без_бонусов;0;0;12;58;24;47
нет_данных;нет данных;Узбекистан, Ташкент;не_является_донором;без_бонусов;0;0;2;58;25;49
нет_данных;нет данных;Россия, Иркутская область, Братск;не_является_донором;без_бонусов;0;0;10;57;39;44
Женский;от_30_до_40;Россия, Челябинская область, Челябинск;не_является_донором;без_бонусов;0;0;8;57;17;50
Женский;от_18_до_30;Россия, Пензенская область, Пенза;не_является_донором;без_бонусов;0;0;12;57;22;50
нет_данных;нет данных;Россия, Ленинградская область, Гатчина;не_является_донором;без_бонусов;0;0;7;57;48;35
нет_данных;нет данных;Россия, Северная Осетия - Алания, Владикавказ;не_является_донором;без_бонусов;0;0;7;57;41;34
Мужской;от_18_до_30;Россия, Свердловская область, Екатеринбург;является донором;без_бонусов;299;0;6;56;42;53
Мужской;от_18_до_30;Россия, Иркутская область, Иркутск;не_является_донором;без_бонусов;0;0;17;56;27;45
нет_данных;нет данных;Россия, Крым, Севастополь;является донором;без_бонусов;119;0;2;56;43;51
Мужской;от_30_до_40;Россия, Свердловская область, Екатеринбург;является донором;без_бонусов;502;0;35;55;31;55
нет_данных;нет данных;Россия, Тульская область, Новомосковск;не_является_донором;без_бонусов;0;0;9;55;44;39
нет_данных;нет данных;Россия, Ханты-Мансийский Автономный округ - Югра АО, Сургут;является донором;без_бонусов;284;0;1;55;37;51
нет_данных;нет данных;Россия, Хабаровский край, Комсомольск-на-Амуре;не_является_донором;без_бонусов;0;0;2;55;47;41
Женский;от_18_до_30;Россия, Брянская область, Брянск;не_является_донором;без_бонусов;0;0;12;55;15;47
Мужской;от_18_до_30;Россия, Омская область, Омск;не_является_донором;без_бонусов;0;0;3;55;21;48
нет_данных;нет данных;Россия, Московская область, Раменское;не_является_донором;без_бонусов;0;0;2;53;40;39
нет_данных;нет данных;_, Запорожская область, Мелитополь;не_является_донором;без_бонусов;0;0;1;53;39;38
Женский;от_30_до_40;Россия, Новосибирская область, Новосибирск;является донором;без_бонусов;198;0;7;53;31;51
Женский;нет данных;Россия, Татарстан, Казань;является донором;тратит_бонусы;310;103;53;53;23;52
Женский;от_18_до_30;Россия, Хабаровский край, Хабаровск;не_является_донором;без_бонусов;0;0;21;53;10;45
нет_данных;нет данных;Казахстан, Западно-Казахстанская область, Уральск;не_является_донором;без_бонусов;0;0;2;53;50;42
Женский;от_50_до_60;Россия, Москва;не_является_донором;без_бонусов;0;0;13;53;9;52
Мужской;от_30_до_40;Россия, Башкортостан, Уфа;является донором;без_бонусов;695;0;34;53;28;52
Мужской;от_18_до_30;Россия, Самарская область, Самара;не_является_донором;без_бонусов;0;0;10;53;18;47
Мужской;нет данных;Россия, Санкт-Петербург;не_является_донором;без_бонусов;0;0;5;53;15;47
нет_данных;нет данных;Россия, Крым, Ялта;не_является_донором;без_бонусов;0;0;3;52;46;36
Женский;от_18_до_30;Россия, Ульяновская область, Ульяновск;не_является_донором;без_бонусов;0;0;17;52;16;41
Мужской;от_30_до_40;Россия, Омская область, Омск;не_является_донором;без_бонусов;0;0;10;52;21;47
нет_данных;нет данных;Россия, Московская область, Серпухов;не_является_донором;без_бонусов;0;0;2;52;43;38
нет_данных;нет данных;Украина, Одесская область, Одесса;является донором;без_бонусов;92;0;1;52;40;47
Женский;от_30_до_40;Россия, Самарская область, Самара;не_является_донором;без_бонусов;0;0;12;52;13;46
Мужской;от_18_до_30;Россия, Нижегородская область, Нижний Новгород;не_является_донором;без_бонусов;0;0;2;52;27;45
Мужской;от_18_до_30;Россия, Башкортостан, Уфа;является донором;тратит_бонусы;401;125;45;52;26;48
нет_данных;нет данных;Украина, Днепропетровская область, Днепродзержинск;не_является_донором;без_бонусов;0;0;0;52;50;38
Мужской;от_30_до_40;Россия, Ульяновская область, Ульяновск;не_является_донором;без_бонусов;0;0;14;51;18;49
нет_данных;нет данных;Россия, Коми, Ухта;не_является_донором;без_бонусов;0;0;13;51;45;29
Женский;от_30_до_40;Россия, Омская область, Омск;не_является_донором;без_бонусов;0;0;13;51;21;49
нет_данных;нет данных;Россия, Ставропольский край, Пятигорск;не_является_донором;без_бонусов;0;0;6;51;43;35
нет_данных;нет данных;Россия, Башкортостан, Нефтекамск;не_является_донором;без_бонусов;0;0;1;51;39;33
Женский;от_30_до_40;Россия, Ярославская область, Ярославль;не_является_донором;без_бонусов;0;0;8;51;22;49
